sample_id,sample_type,feed_subtype,moisture_pct,protein_pct,fiber_pct,aflatoxin_ppb,ph,adulteration_detected,quality_status,is_seed
F001,feed,pellet,10.0,21.0,14.0,5.0,,None,Good,1
F002,silage,,68.0,9.0,24.0,12.0,4.1,Mould Presence,Moderate,1
F003,feed,mineral_mixture,3.0,,,0.0,,Excess Salt,Poor,1
F004,feed,mash,12.0,18.0,16.0,20.0,,Sand Contamination,Unsafe,1
F005,silage,,72.0,8.0,28.0,8.0,5.8,Spoilage Detected,Poor,1
SYN_0001,silage,,60.4,8.2,23.8,8.6,4.87,Mould Presence,Moderate,0
SYN_0002,feed,pellet,8.6,20.5,16.5,5.6,,None,Good,0
SYN_0003,feed,mash,11.5,14.0,18.4,3.2,,None,Good,0
SYN_0004,feed,mash,8.6,16.3,14.8,1.3,,None,Good,0
SYN_0005,feed,pellet,13.8,20.1,18.6,6.6,,None,Good,0
SYN_0006,silage,,70.6,7.2,23.8,1.7,3.86,None,Good,0
SYN_0007,feed,other,13.0,16.3,17.4,5.4,,None,Good,0
SYN_0008,feed,other,9.0,15.1,15.0,23.4,,Aflatoxin Contamination,Unsafe,0
SYN_0009,silage,,70.3,10.8,28.2,2.7,3.82,None,Good,0
SYN_0010,feed,other,13.3,18.3,15.2,21.0,,Aflatoxin Contamination,Unsafe,0
SYN_0011,feed,pellet,12.5,21.6,15.4,3.4,,None,Good,0
SYN_0012,feed,mineral_mixture,2.4,,,1.5,,Excess Salt,Poor,0
SYN_0013,silage,,72.9,7.7,23.3,4.9,4.22,None,Moderate,0
SYN_0014,feed,mash,13.8,14.1,17.8,4.5,,None,Good,0
SYN_0015,feed,other,10.0,15.0,12.0,5.7,,None,Good,0
SYN_0016,feed,mineral_mixture,4.3,,,1.5,,None,Good,0
SYN_0017,feed,other,9.8,18.0,13.2,11.5,,Mould Presence,Moderate,0
SYN_0018,silage,,68.0,7.0,24.6,13.4,4.45,Mould Presence,Moderate,0
SYN_0019,feed,pellet,9.4,16.6,17.9,14.4,,Mould Presence,Moderate,0
SYN_0020,silage,,61.9,10.0,29.6,7.3,4.17,None,Good,0
SYN_0021,feed,mineral_mixture,4.3,,,2.1,,None,Good,0
SYN_0022,silage,,66.0,10.0,25.0,1.4,5.51,Spoilage Detected,Poor,0
SYN_0023,feed,other,9.4,14.5,17.0,6.9,,None,Good,0
SYN_0024,silage,,61.1,8.1,27.4,20.2,3.89,Aflatoxin Contamination,Unsafe,0
SYN_0025,feed,mash,12.8,14.6,15.4,4.0,,None,Good,0
SYN_0026,silage,,70.1,11.4,22.8,9.6,4.04,Mould Presence,Moderate,0
SYN_0027,feed,mash,8.8,17.0,19.0,6.3,,None,Good,0
SYN_0028,silage,,61.5,9.9,26.3,9.5,3.87,Mould Presence,Moderate,0
SYN_0029,feed,mash,9.3,14.4,15.0,18.5,,Aflatoxin Contamination,Unsafe,0
SYN_0030,silage,,66.8,8.9,29.7,2.0,5.6,Spoilage Detected,Poor,0
SYN_0031,feed,pellet,11.5,21.6,12.5,4.3,,None,Good,0
SYN_0032,silage,,62.4,11.3,22.6,2.5,4.22,None,Good,0
SYN_0033,feed,other,9.5,18.0,15.4,4.4,,None,Good,0
SYN_0034,feed,mineral_mixture,2.6,,,2.1,,Excess Salt,Poor,0
SYN_0035,feed,mash,8.8,17.0,19.4,15.2,,Aflatoxin Contamination,Unsafe,0
SYN_0036,silage,,68.4,7.4,26.3,1.4,3.89,None,Good,0
SYN_0037,feed,mash,8.9,18.6,16.9,23.5,,Aflatoxin Contamination,Unsafe,0
SYN_0038,feed,other,9.8,20.1,13.1,1.7,,None,Good,0
SYN_0039,silage,,64.1,9.7,27.7,4.2,4.24,None,Good,0
SYN_0040,feed,mineral_mixture,4.5,,,0.3,,None,Good,0
SYN_0041,feed,mash,8.3,14.9,19.8,3.9,,None,Good,0
SYN_0042,silage,,68.4,7.5,29.6,3.4,3.9,None,Good,0
SYN_0043,silage,,66.4,7.2,24.9,3.3,5.97,Spoilage Detected,Poor,0
SYN_0044,silage,,70.0,8.6,26.5,7.0,5.98,Spoilage Detected,Poor,0
SYN_0045,feed,pellet,13.9,22.6,12.2,3.2,,None,Good,0
SYN_0046,feed,mineral_mixture,4.4,,,2.6,,None,Good,0
SYN_0047,silage,,64.0,10.5,22.9,6.3,5.87,None,Moderate,0
SYN_0048,feed,mash,12.9,15.4,17.3,2.8,,None,Good,0
SYN_0049,feed,mash,10.1,18.4,18.7,1.2,,None,Good,0
SYN_0050,silage,,63.9,9.6,29.9,6.1,4.22,None,Good,0
SYN_0051,feed,other,8.7,15.2,12.4,4.4,,None,Good,0
SYN_0052,silage,,70.3,11.2,27.9,23.3,4.1,Aflatoxin Contamination,Unsafe,0
SYN_0053,silage,,70.0,7.6,29.2,5.5,4.27,None,Good,0
SYN_0054,silage,,62.9,10.0,25.0,3.6,4.67,None,Moderate,0
SYN_0055,silage,,64.6,7.9,28.3,5.4,4.03,None,Good,0
SYN_0056,silage,,71.9,11.3,27.9,5.0,4.0,None,Good,0
SYN_0057,feed,pellet,12.0,17.5,12.2,4.1,,None,Good,0
SYN_0058,silage,,61.1,8.9,27.0,2.6,4.29,None,Good,0
SYN_0059,silage,,60.1,10.4,28.2,7.2,4.1,None,Good,0
SYN_0060,silage,,60.8,8.1,28.8,7.4,4.36,None,Good,0
SYN_0061,silage,,74.3,11.0,26.9,11.6,4.8,Mould Presence,Moderate,0
SYN_0062,silage,,71.2,9.1,24.1,11.4,4.25,Mould Presence,Moderate,0
SYN_0063,silage,,64.1,7.3,24.3,1.9,4.02,None,Good,0
SYN_0064,feed,other,8.9,16.7,14.6,1.4,,None,Good,0
SYN_0065,silage,,65.8,10.5,29.6,4.1,4.42,None,Good,0
SYN_0066,feed,mineral_mixture,2.9,,,1.2,,Excess Salt,Poor,0
SYN_0067,silage,,72.5,9.4,27.9,2.8,4.96,None,Moderate,0
SYN_0068,feed,mash,10.0,16.6,13.3,1.8,,None,Good,0
SYN_0069,silage,,60.4,8.8,26.5,4.0,4.25,None,Good,0
SYN_0070,feed,mash,10.0,16.2,19.0,7.2,,None,Good,0
SYN_0071,feed,pellet,10.8,16.4,19.6,1.4,,None,Good,0
SYN_0072,feed,mineral_mixture,2.1,,,0.1,,Excess Salt,Poor,0
SYN_0073,feed,pellet,11.7,19.6,12.9,21.1,,Aflatoxin Contamination,Unsafe,0
SYN_0074,feed,mash,9.0,18.9,12.9,14.3,,Mould Presence,Moderate,0
SYN_0075,feed,pellet,13.6,22.8,15.0,17.7,,Aflatoxin Contamination,Unsafe,0
SYN_0076,silage,,72.5,8.1,27.6,13.2,4.28,Mould Presence,Moderate,0
SYN_0077,silage,,60.6,9.4,27.3,3.7,4.25,None,Good,0
SYN_0078,feed,mash,13.8,19.4,17.7,5.8,,None,Good,0
SYN_0079,feed,mineral_mixture,2.8,,,2.4,,Excess Salt,Poor,0
SYN_0080,silage,,67.3,9.0,27.8,8.6,4.4,Mould Presence,Moderate,0
SYN_0081,silage,,63.7,9.1,26.9,9.2,3.82,Mould Presence,Moderate,0
SYN_0082,feed,mash,10.0,18.6,14.2,7.2,,None,Good,0
SYN_0083,feed,other,10.4,15.6,15.8,3.9,,None,Good,0
SYN_0084,feed,mash,9.3,16.0,16.7,4.5,,None,Good,0
SYN_0085,feed,other,11.3,16.9,14.5,5.7,,None,Good,0
SYN_0086,feed,other,11.2,15.2,13.7,5.7,,None,Good,0
SYN_0087,feed,mineral_mixture,3.6,,,0.8,,Excess Salt,Poor,0
SYN_0088,feed,pellet,9.8,18.3,17.7,1.3,,None,Good,0
SYN_0089,feed,mash,12.2,19.6,15.9,11.7,,Mould Presence,Moderate,0
SYN_0090,feed,mash,10.0,15.6,18.9,1.4,,None,Good,0
SYN_0091,feed,other,11.8,29.2,16.5,7.5,,Urea Excess,Unsafe,0
SYN_0092,feed,mash,11.6,15.5,16.2,3.9,,None,Good,0
SYN_0093,silage,,74.9,8.4,27.0,16.9,4.32,Aflatoxin Contamination,Unsafe,0
SYN_0094,feed,other,8.5,17.6,13.3,5.5,,None,Good,0
SYN_0095,feed,pellet,9.4,21.3,15.6,7.0,,None,Good,0
SYN_0096,silage,,69.4,10.0,29.5,6.9,4.18,None,Good,0
SYN_0097,silage,,61.1,7.7,24.5,1.8,4.83,None,Moderate,0
SYN_0098,silage,,70.5,11.2,26.0,3.8,3.86,None,Good,0
SYN_0099,feed,mash,8.2,18.4,18.9,1.1,,None,Good,0
SYN_0100,silage,,72.3,9.6,28.1,2.8,4.16,None,Moderate,0
SYN_0101,feed,mineral_mixture,3.3,,,2.4,,Excess Salt,Poor,0
SYN_0102,feed,mineral_mixture,3.4,,,1.2,,Excess Salt,Poor,0
SYN_0103,feed,pellet,13.1,21.2,14.3,25.6,,Aflatoxin Contamination,Unsafe,0
SYN_0104,silage,,66.8,8.4,24.6,7.4,5.46,Spoilage Detected,Poor,0
SYN_0105,silage,,68.1,8.9,23.5,5.9,4.33,None,Good,0
SYN_0106,feed,other,8.8,19.7,15.9,5.1,,None,Good,0
SYN_0107,silage,,70.6,8.4,22.1,8.7,3.96,Mould Presence,Moderate,0
SYN_0108,feed,mineral_mixture,3.9,,,0.5,,Excess Salt,Poor,0
SYN_0109,feed,mineral_mixture,2.9,,,2.1,,Excess Salt,Poor,0
SYN_0110,feed,mash,13.9,17.6,15.1,21.7,,Aflatoxin Contamination,Unsafe,0
SYN_0111,silage,,73.0,8.2,28.3,6.3,4.45,None,Moderate,0
SYN_0112,feed,mash,13.0,18.3,18.9,4.1,,None,Good,0
SYN_0113,feed,other,10.3,19.7,19.8,3.5,,None,Good,0
SYN_0114,silage,,66.2,8.4,25.8,22.2,5.44,Spoilage Detected,Poor,0
SYN_0115,silage,,62.3,11.3,23.0,6.5,5.4,None,Moderate,0
SYN_0116,feed,mash,8.1,19.7,19.8,6.1,,None,Good,0
SYN_0117,feed,other,12.2,19.5,18.8,10.5,,Mould Presence,Moderate,0
SYN_0118,feed,other,13.3,17.5,16.9,5.4,,None,Good,0
SYN_0119,feed,pellet,12.5,16.7,17.1,10.9,,Mould Presence,Moderate,0
SYN_0120,silage,,73.6,7.2,28.4,4.5,4.06,None,Moderate,0
SYN_0121,silage,,71.9,7.8,22.6,6.9,5.66,Spoilage Detected,Poor,0
SYN_0122,feed,mash,11.8,18.3,19.2,2.9,,None,Good,0
SYN_0123,silage,,61.1,11.3,29.9,4.0,4.47,None,Good,0
SYN_0124,feed,mash,13.1,16.5,14.9,5.5,,None,Good,0
SYN_0125,feed,other,10.4,34.9,18.2,26.8,,Urea Excess,Unsafe,0
SYN_0126,silage,,72.5,11.1,28.2,2.2,4.36,None,Moderate,0
SYN_0127,feed,other,12.6,14.9,12.8,1.3,,None,Good,0
SYN_0128,silage,,60.5,8.6,23.1,2.3,5.39,None,Moderate,0
SYN_0129,silage,,73.1,8.6,26.0,23.5,3.92,Aflatoxin Contamination,Unsafe,0
SYN_0130,feed,mineral_mixture,2.9,,,2.6,,Excess Salt,Poor,0
SYN_0131,silage,,67.0,7.3,28.0,3.6,4.27,None,Good,0
SYN_0132,silage,,68.4,7.4,25.2,5.9,3.89,None,Good,0
SYN_0133,feed,mash,12.9,14.7,13.9,6.7,,None,Good,0
SYN_0134,silage,,73.7,8.0,22.5,3.7,4.96,None,Moderate,0
SYN_0135,feed,pellet,9.8,16.7,19.1,3.9,,None,Good,0
SYN_0136,silage,,71.1,11.3,25.4,1.6,4.66,None,Moderate,0
SYN_0137,feed,mash,13.6,18.5,13.7,2.5,,None,Good,0
SYN_0138,feed,other,10.2,18.2,12.5,7.3,,None,Good,0
SYN_0139,feed,mineral_mixture,4.5,,,0.3,,None,Good,0
SYN_0140,feed,other,11.6,34.3,13.9,4.7,,Urea Excess,Unsafe,0
SYN_0141,feed,other,9.2,19.7,14.6,6.9,,None,Good,0
SYN_0142,feed,pellet,13.9,22.0,12.9,8.9,,Mould Presence,Moderate,0
SYN_0143,feed,pellet,11.5,30.1,13.0,1.7,,Urea Excess,Unsafe,0
SYN_0144,feed,mash,12.7,14.7,16.0,15.7,,Aflatoxin Contamination,Unsafe,0
SYN_0145,silage,,73.0,9.3,25.7,3.6,5.15,Spoilage Detected,Poor,0
SYN_0146,silage,,67.4,11.1,22.6,2.8,4.23,None,Good,0
SYN_0147,silage,,68.2,8.5,30.0,1.6,4.12,None,Good,0
SYN_0148,silage,,72.8,9.9,28.2,2.5,4.69,None,Moderate,0
SYN_0149,feed,mash,10.4,16.0,14.5,7.2,,None,Good,0
SYN_0150,silage,,67.1,7.4,22.7,1.8,4.32,None,Good,0
SYN_0151,feed,other,11.4,16.7,19.0,20.6,,Aflatoxin Contamination,Unsafe,0
SYN_0152,feed,mineral_mixture,2.2,,,0.9,,Excess Salt,Poor,0
SYN_0153,feed,pellet,11.5,20.9,13.8,6.5,,None,Good,0
SYN_0154,feed,mash,11.4,19.5,19.8,12.0,,Mould Presence,Moderate,0
SYN_0155,silage,,60.4,11.2,28.6,3.0,3.93,None,Good,0
SYN_0156,feed,pellet,9.1,20.9,12.6,7.3,,None,Good,0
SYN_0157,feed,other,9.3,16.2,15.0,6.0,,None,Good,0
SYN_0158,silage,,61.3,7.2,23.3,5.3,4.27,None,Good,0
SYN_0159,feed,mash,10.5,17.3,14.8,5.4,,None,Good,0
SYN_0160,silage,,67.9,8.4,23.8,7.1,5.15,Spoilage Detected,Poor,0
SYN_0161,silage,,71.5,8.3,23.0,4.5,4.1,None,Good,0
SYN_0162,feed,other,13.0,14.5,18.9,1.1,,None,Good,0
SYN_0163,feed,mineral_mixture,4.6,,,1.7,,None,Good,0
SYN_0164,silage,,70.6,8.9,22.9,12.0,4.03,Mould Presence,Moderate,0
SYN_0165,silage,,73.8,7.4,28.8,3.6,4.21,None,Moderate,0
SYN_0166,feed,mash,9.3,14.5,17.1,2.3,,None,Good,0
SYN_0167,silage,,65.3,11.3,27.2,2.1,3.87,None,Good,0
SYN_0168,feed,other,8.5,18.1,15.7,4.8,,None,Good,0
SYN_0169,silage,,73.2,9.9,29.9,3.9,4.48,None,Moderate,0
SYN_0170,feed,other,9.8,14.4,16.1,3.9,,None,Good,0
SYN_0171,feed,mash,8.5,19.6,16.9,4.0,,None,Good,0
SYN_0172,silage,,71.9,11.0,25.6,4.1,4.86,None,Moderate,0
SYN_0173,feed,pellet,10.7,22.3,19.9,5.2,,None,Good,0
SYN_0174,feed,other,10.6,17.4,13.3,2.8,,None,Good,0
SYN_0175,feed,mash,12.1,33.0,14.7,4.6,,Urea Excess,Unsafe,0
SYN_0176,feed,mash,12.3,19.9,19.0,4.8,,None,Good,0
SYN_0177,feed,mash,9.9,18.3,13.0,1.6,,None,Good,0
SYN_0178,silage,,69.7,8.5,23.0,23.2,4.98,Aflatoxin Contamination,Unsafe,0
SYN_0179,feed,other,10.5,16.4,13.4,7.2,,None,Good,0
SYN_0180,feed,pellet,14.0,18.2,18.3,4.5,,None,Good,0
SYN_0181,silage,,67.9,10.0,29.0,2.2,4.22,None,Good,0
SYN_0182,silage,,69.4,11.1,27.8,7.3,4.06,None,Good,0
SYN_0183,silage,,71.3,10.5,23.9,13.9,4.48,Mould Presence,Moderate,0
SYN_0184,feed,other,13.7,17.0,14.3,4.4,,None,Good,0
SYN_0185,feed,mineral_mixture,4.5,,,2.4,,None,Good,0
SYN_0186,feed,mash,8.3,16.4,19.5,4.4,,None,Good,0
SYN_0187,feed,pellet,12.6,22.8,13.2,7.2,,None,Good,0
SYN_0188,feed,mash,13.3,16.7,15.2,3.5,,None,Good,0
SYN_0189,feed,pellet,8.2,22.3,17.2,8.9,,Mould Presence,Moderate,0
SYN_0190,feed,mash,12.2,18.6,15.6,1.5,,None,Good,0
SYN_0191,feed,pellet,11.3,20.0,12.9,3.0,,None,Good,0
SYN_0192,feed,mash,11.8,14.4,18.7,4.5,,None,Good,0
SYN_0193,silage,,68.6,10.2,24.3,2.2,4.05,None,Good,0
SYN_0194,silage,,67.9,8.6,29.6,1.1,4.35,None,Good,0
SYN_0195,silage,,60.7,8.7,25.0,2.6,4.74,None,Moderate,0
SYN_0196,silage,,61.6,9.6,28.1,5.2,4.05,None,Good,0
SYN_0197,silage,,70.3,11.4,25.8,7.1,3.89,None,Good,0
SYN_0198,feed,pellet,8.3,16.3,19.5,7.4,,None,Good,0
SYN_0199,silage,,63.8,10.4,23.5,10.2,4.35,Mould Presence,Moderate,0
SYN_0200,feed,mash,10.6,16.9,19.7,2.2,,None,Good,0
SYN_0201,silage,,65.5,10.6,24.1,7.5,4.1,None,Good,0
SYN_0202,feed,mash,9.9,18.3,14.5,3.8,,None,Good,0
SYN_0203,silage,,65.3,7.2,29.0,7.4,4.5,None,Good,0
SYN_0204,feed,mineral_mixture,2.2,,,1.9,,Excess Salt,Poor,0
SYN_0205,feed,other,12.1,14.9,16.9,8.2,,Mould Presence,Moderate,0
SYN_0206,feed,other,10.2,17.7,16.8,7.2,,None,Good,0
SYN_0207,feed,pellet,11.4,19.0,17.2,1.7,,None,Good,0
SYN_0208,silage,,67.5,8.7,26.5,7.5,3.98,None,Good,0
SYN_0209,feed,mash,9.2,14.5,13.4,7.5,,None,Good,0
SYN_0210,silage,,74.5,11.4,27.3,2.9,4.82,None,Moderate,0
SYN_0211,feed,other,13.6,19.2,16.1,2.3,,None,Good,0
SYN_0212,feed,mash,8.2,16.4,18.4,5.0,,None,Good,0
SYN_0213,feed,mash,10.4,17.1,15.3,4.7,,None,Good,0
SYN_0214,feed,mash,11.9,18.4,14.8,13.1,,Mould Presence,Moderate,0
SYN_0215,silage,,62.7,11.3,25.5,2.0,5.15,None,Moderate,0
SYN_0216,feed,mash,13.6,20.2,16.2,1.5,,None,Good,0
SYN_0217,feed,other,9.6,18.0,12.7,4.8,,None,Good,0
SYN_0218,silage,,62.6,9.8,29.2,6.6,4.45,None,Good,0
SYN_0219,feed,other,12.6,15.4,16.6,1.2,,None,Good,0
SYN_0220,silage,,68.2,9.9,24.4,3.9,4.37,None,Good,0
SYN_0221,silage,,62.4,8.9,25.7,10.1,3.9,Mould Presence,Moderate,0
SYN_0222,feed,mineral_mixture,3.0,,,1.2,,Excess Salt,Poor,0
SYN_0223,silage,,67.7,7.5,23.9,1.3,4.11,None,Good,0
SYN_0224,feed,mineral_mixture,4.6,,,1.3,,None,Good,0
SYN_0225,feed,mineral_mixture,4.7,,,2.4,,None,Good,0
SYN_0226,feed,mineral_mixture,4.2,,,0.6,,None,Good,0
SYN_0227,feed,other,10.8,17.2,12.7,4.0,,None,Good,0
SYN_0228,feed,other,10.1,32.0,19.1,4.1,,Urea Excess,Unsafe,0
SYN_0229,silage,,72.7,8.9,29.1,3.6,4.91,None,Moderate,0
SYN_0230,silage,,62.9,9.5,22.6,7.4,4.34,None,Good,0
SYN_0231,silage,,61.8,11.4,25.2,21.8,4.74,Aflatoxin Contamination,Unsafe,0
SYN_0232,feed,other,10.4,28.3,17.7,11.4,,Urea Excess,Unsafe,0
SYN_0233,feed,other,8.8,16.1,15.1,6.5,,None,Good,0
SYN_0234,silage,,67.6,9.3,25.9,3.2,4.13,None,Good,0
SYN_0235,feed,mash,11.5,18.7,17.5,4.1,,None,Good,0
SYN_0236,feed,mineral_mixture,4.3,,,2.3,,None,Good,0
SYN_0237,silage,,70.8,9.6,23.4,9.0,4.23,Mould Presence,Moderate,0
SYN_0238,silage,,60.5,11.3,22.9,5.5,4.02,None,Good,0
SYN_0239,feed,other,13.5,18.8,12.5,2.3,,None,Good,0
SYN_0240,feed,other,10.9,20.2,15.7,4.6,,None,Good,0
SYN_0241,silage,,73.0,10.1,28.4,17.6,4.14,Aflatoxin Contamination,Unsafe,0
SYN_0242,feed,mash,12.6,18.5,15.9,4.6,,None,Good,0
SYN_0243,feed,mineral_mixture,4.2,,,0.9,,None,Good,0
SYN_0244,silage,,68.1,11.0,25.2,1.3,4.34,None,Good,0
SYN_0245,feed,mineral_mixture,2.2,,,2.8,,Excess Salt,Poor,0
SYN_0246,silage,,71.2,8.0,28.6,1.7,4.19,None,Good,0
SYN_0247,silage,,63.6,7.2,29.2,3.1,3.96,None,Good,0
SYN_0248,feed,other,12.6,32.4,19.4,7.1,,Urea Excess,Unsafe,0
SYN_0249,silage,,67.2,7.9,29.7,15.9,4.25,Aflatoxin Contamination,Unsafe,0
SYN_0250,silage,,68.0,10.3,29.5,9.1,5.26,Spoilage Detected,Poor,0
SYN_0251,feed,mineral_mixture,5.0,,,1.2,,None,Good,0
SYN_0252,feed,other,13.8,19.7,12.1,1.7,,None,Good,0
SYN_0253,feed,mineral_mixture,2.9,,,3.0,,Excess Salt,Poor,0
SYN_0254,silage,,67.4,11.2,28.8,2.1,3.93,None,Good,0
SYN_0255,feed,mash,12.3,30.7,14.4,2.3,,Urea Excess,Unsafe,0
SYN_0256,silage,,69.6,8.8,25.4,7.4,4.08,None,Good,0
SYN_0257,feed,pellet,8.0,19.4,14.1,4.8,,None,Good,0
SYN_0258,silage,,63.9,8.6,23.9,5.5,4.13,None,Good,0
SYN_0259,feed,mineral_mixture,4.7,,,2.3,,None,Good,0
SYN_0260,silage,,69.6,11.2,24.9,4.0,4.47,None,Good,0
SYN_0261,feed,mineral_mixture,3.1,,,2.1,,Excess Salt,Poor,0
SYN_0262,feed,mineral_mixture,4.3,,,2.4,,None,Good,0
SYN_0263,silage,,71.4,10.1,26.8,3.4,4.81,None,Moderate,0
SYN_0264,feed,mineral_mixture,2.3,,,2.5,,Excess Salt,Poor,0
SYN_0265,feed,mineral_mixture,2.6,,,1.6,,Excess Salt,Poor,0
SYN_0266,feed,other,10.7,18.7,15.9,20.8,,Aflatoxin Contamination,Unsafe,0
SYN_0267,feed,pellet,11.1,16.4,15.7,12.7,,Mould Presence,Moderate,0
SYN_0268,feed,pellet,12.5,16.3,14.8,7.5,,None,Good,0
SYN_0269,feed,mineral_mixture,2.2,,,2.8,,Excess Salt,Poor,0
SYN_0270,feed,mash,9.1,18.2,17.8,19.9,,Aflatoxin Contamination,Unsafe,0
SYN_0271,silage,,66.7,11.1,25.0,8.9,4.47,Mould Presence,Moderate,0
SYN_0272,silage,,61.8,11.5,25.1,12.9,4.49,Mould Presence,Moderate,0
SYN_0273,feed,mineral_mixture,3.4,,,2.2,,Excess Salt,Poor,0
SYN_0274,feed,mash,12.9,16.3,14.2,24.5,,Aflatoxin Contamination,Unsafe,0
SYN_0275,feed,other,10.5,19.7,12.1,1.7,,None,Good,0
SYN_0276,feed,other,12.0,15.6,12.4,4.5,,None,Good,0
SYN_0277,silage,,71.6,7.6,29.9,4.8,4.44,None,Good,0
SYN_0278,silage,,72.3,8.1,29.0,2.8,5.57,Spoilage Detected,Poor,0
SYN_0279,silage,,68.9,10.3,23.4,3.2,4.19,None,Good,0
SYN_0280,silage,,65.7,9.4,27.6,4.5,4.01,None,Good,0
SYN_0281,feed,pellet,9.8,22.0,19.3,7.3,,None,Good,0
SYN_0282,silage,,62.0,8.1,23.6,8.6,4.45,Mould Presence,Moderate,0
SYN_0283,silage,,62.9,8.2,27.4,6.0,4.41,None,Good,0
SYN_0284,silage,,68.4,9.2,29.0,7.1,4.47,None,Good,0
SYN_0285,feed,mineral_mixture,2.4,,,3.0,,Excess Salt,Poor,0
SYN_0286,feed,pellet,12.2,19.0,13.9,2.8,,None,Good,0
SYN_0287,feed,other,10.2,17.3,16.0,7.4,,None,Good,0
SYN_0288,feed,mash,13.5,16.7,16.5,1.9,,None,Good,0
SYN_0289,feed,other,11.5,15.0,14.6,6.4,,None,Good,0
SYN_0290,feed,other,13.7,19.0,15.9,5.8,,None,Good,0
SYN_0291,feed,other,12.8,18.7,15.9,22.1,,Aflatoxin Contamination,Unsafe,0
SYN_0292,silage,,60.9,7.2,28.8,10.7,5.7,Mould Presence,Moderate,0
SYN_0293,silage,,63.5,10.2,22.1,5.3,4.06,None,Good,0
SYN_0294,silage,,67.2,9.2,22.1,2.8,3.81,None,Good,0
SYN_0295,feed,mineral_mixture,2.1,,,2.4,,Excess Salt,Poor,0
SYN_0296,silage,,72.1,11.1,22.9,4.4,3.9,None,Moderate,0
SYN_0297,silage,,64.0,8.8,25.0,17.1,4.2,Aflatoxin Contamination,Unsafe,0
SYN_0298,silage,,72.7,9.9,28.9,4.6,4.64,None,Moderate,0
SYN_0299,feed,pellet,12.2,22.3,17.2,7.4,,None,Good,0
SYN_0300,feed,mineral_mixture,4.7,,,2.8,,None,Good,0
SYN_0301,feed,other,13.3,14.3,12.6,26.7,,Aflatoxin Contamination,Unsafe,0
SYN_0302,silage,,60.5,11.2,24.5,12.6,5.63,Mould Presence,Moderate,0
SYN_0303,feed,pellet,9.8,20.3,18.8,4.5,,None,Good,0
SYN_0304,feed,other,8.8,18.7,16.0,15.8,,Aflatoxin Contamination,Unsafe,0
SYN_0305,feed,pellet,10.0,23.2,15.2,8.2,,Mould Presence,Moderate,0
SYN_0306,feed,mash,10.9,20.1,15.5,5.3,,None,Good,0
SYN_0307,feed,other,9.8,14.5,14.1,6.1,,None,Good,0
SYN_0308,feed,mash,9.9,14.0,14.5,2.8,,None,Good,0
SYN_0309,feed,pellet,10.6,19.8,12.8,4.6,,None,Good,0
SYN_0310,silage,,71.8,10.9,22.1,4.6,4.35,None,Good,0
SYN_0311,feed,mineral_mixture,2.7,,,1.6,,Excess Salt,Poor,0
SYN_0312,silage,,62.5,8.2,24.1,2.9,3.92,None,Good,0
SYN_0313,silage,,65.4,11.2,27.8,1.9,4.23,None,Good,0
SYN_0314,feed,mash,10.0,19.2,14.6,6.3,,None,Good,0
SYN_0315,silage,,74.6,7.6,24.6,7.3,5.28,Spoilage Detected,Poor,0
SYN_0316,feed,mineral_mixture,2.9,,,2.1,,Excess Salt,Poor,0
SYN_0317,feed,other,12.7,15.8,18.3,7.1,,None,Good,0
SYN_0318,feed,other,9.1,14.2,17.8,17.8,,Aflatoxin Contamination,Unsafe,0
SYN_0319,silage,,72.5,7.3,28.8,3.0,4.87,None,Moderate,0
SYN_0320,feed,pellet,12.3,16.6,19.9,3.6,,None,Good,0
SYN_0321,silage,,73.8,10.1,26.3,11.5,4.74,Mould Presence,Moderate,0
SYN_0322,silage,,61.3,10.5,27.3,7.4,4.25,None,Good,0
SYN_0323,silage,,66.0,10.4,29.7,4.3,3.81,None,Good,0
SYN_0324,silage,,68.7,9.6,25.6,4.3,4.34,None,Good,0
SYN_0325,feed,pellet,10.9,22.9,12.7,12.7,,Mould Presence,Moderate,0
SYN_0326,feed,mash,10.7,17.1,15.8,5.5,,None,Good,0
SYN_0327,feed,mash,8.3,14.1,14.7,6.2,,None,Good,0
SYN_0328,feed,mineral_mixture,4.2,,,1.5,,None,Good,0
SYN_0329,silage,,65.0,8.9,25.7,5.3,4.85,None,Moderate,0
SYN_0330,feed,other,11.7,17.8,15.1,2.3,,None,Good,0
SYN_0331,silage,,72.1,7.3,22.8,4.0,5.27,Spoilage Detected,Poor,0
SYN_0332,feed,mash,11.2,17.9,16.9,3.3,,None,Good,0
SYN_0333,silage,,69.3,10.7,27.6,1.9,4.23,None,Good,0
SYN_0334,feed,mash,8.7,14.9,15.1,4.7,,None,Good,0
SYN_0335,feed,mash,11.8,18.2,20.0,4.2,,None,Good,0
SYN_0336,feed,mash,13.1,19.6,19.6,2.3,,None,Good,0
SYN_0337,feed,other,11.0,18.5,15.3,11.2,,Mould Presence,Moderate,0
SYN_0338,feed,pellet,12.8,16.2,13.8,6.1,,None,Good,0
SYN_0339,silage,,71.6,9.2,26.1,7.4,3.99,None,Good,0
SYN_0340,silage,,71.4,10.4,25.5,5.2,4.1,None,Good,0
SYN_0341,feed,pellet,10.7,22.1,15.5,25.1,,Aflatoxin Contamination,Unsafe,0
SYN_0342,feed,other,11.5,18.6,17.1,1.9,,None,Good,0
SYN_0343,feed,pellet,12.8,20.0,16.8,7.4,,None,Good,0
SYN_0344,feed,other,9.6,20.4,17.4,7.3,,None,Good,0
SYN_0345,silage,,73.8,11.5,28.9,5.6,4.41,None,Moderate,0
SYN_0346,silage,,71.4,10.0,25.9,3.9,3.99,None,Good,0
SYN_0347,silage,,73.2,7.4,26.1,7.2,4.46,None,Moderate,0
SYN_0348,feed,pellet,13.2,16.7,19.8,5.5,,None,Good,0
SYN_0349,silage,,71.9,8.8,29.7,2.8,4.8,None,Moderate,0
SYN_0350,silage,,62.0,10.8,28.3,5.1,5.79,None,Moderate,0
SYN_0351,silage,,60.2,11.2,23.3,7.5,4.49,None,Good,0
SYN_0352,feed,mineral_mixture,4.6,,,0.9,,None,Good,0
SYN_0353,silage,,73.1,7.4,24.9,1.3,4.27,None,Moderate,0
SYN_0354,silage,,70.9,10.4,25.4,1.5,3.87,None,Good,0
SYN_0355,silage,,67.8,9.0,22.1,12.5,3.88,Mould Presence,Moderate,0
SYN_0356,feed,pellet,10.3,16.8,14.5,16.9,,Aflatoxin Contamination,Unsafe,0
SYN_0357,silage,,71.3,7.6,29.9,5.2,4.17,None,Good,0
SYN_0358,feed,other,9.3,20.0,16.9,2.4,,None,Good,0
SYN_0359,silage,,62.1,7.6,27.8,9.6,4.1,Mould Presence,Moderate,0
SYN_0360,silage,,63.7,9.7,27.8,6.5,4.46,None,Good,0
SYN_0361,silage,,63.1,9.7,23.5,13.2,4.25,Mould Presence,Moderate,0
SYN_0362,feed,mash,8.7,17.9,16.2,27.8,,Aflatoxin Contamination,Unsafe,0
SYN_0363,feed,mineral_mixture,2.4,,,2.6,,Excess Salt,Poor,0
SYN_0364,silage,,65.5,10.1,28.1,1.4,5.79,Spoilage Detected,Poor,0
SYN_0365,feed,pellet,13.5,19.0,14.3,6.0,,None,Good,0
SYN_0366,feed,mash,8.5,18.0,14.2,4.3,,None,Good,0
SYN_0367,feed,pellet,11.2,20.8,18.7,1.4,,None,Good,0
SYN_0368,silage,,70.9,10.8,22.5,5.0,4.1,None,Good,0
SYN_0369,feed,other,11.9,14.1,13.1,4.2,,None,Good,0
SYN_0370,feed,other,12.7,15.1,13.0,9.7,,Mould Presence,Moderate,0
SYN_0371,silage,,71.6,7.1,28.5,4.7,3.84,None,Good,0
SYN_0372,feed,mash,11.1,34.9,13.3,6.0,,Urea Excess,Unsafe,0
SYN_0373,silage,,70.1,7.5,27.9,1.3,4.4,None,Good,0
SYN_0374,feed,pellet,9.1,16.3,18.4,5.3,,None,Good,0
SYN_0375,feed,pellet,10.5,18.0,12.6,4.3,,None,Good,0
SYN_0376,feed,mineral_mixture,2.5,,,2.4,,Excess Salt,Poor,0
SYN_0377,feed,mineral_mixture,4.9,,,0.2,,None,Good,0
SYN_0378,feed,mash,12.6,14.6,15.7,2.9,,None,Good,0
SYN_0379,silage,,71.1,8.1,24.9,12.8,6.0,Spoilage Detected,Poor,0
SYN_0380,silage,,71.9,7.7,29.5,5.5,4.18,None,Good,0
SYN_0381,feed,mash,8.0,19.5,17.8,4.4,,None,Good,0
SYN_0382,feed,mash,13.8,14.9,14.2,2.5,,None,Good,0
SYN_0383,silage,,66.2,11.0,25.7,5.1,4.83,None,Moderate,0
SYN_0384,feed,other,11.4,20.3,13.9,3.0,,None,Good,0
SYN_0385,silage,,70.5,10.3,24.5,6.1,3.85,None,Good,0
SYN_0386,silage,,62.3,7.7,25.7,16.9,4.18,Aflatoxin Contamination,Unsafe,0
SYN_0387,feed,mash,13.1,19.2,14.4,4.9,,None,Good,0
SYN_0388,feed,mash,8.9,20.3,15.2,2.9,,None,Good,0
SYN_0389,silage,,62.6,11.3,28.8,1.7,4.19,None,Good,0
SYN_0390,silage,,61.8,7.3,28.2,5.5,3.94,None,Good,0
SYN_0391,feed,mineral_mixture,2.3,,,1.8,,Excess Salt,Poor,0
SYN_0392,feed,mineral_mixture,2.2,,,3.0,,Excess Salt,Poor,0
SYN_0393,feed,other,10.7,19.9,18.6,1.3,,None,Good,0
SYN_0394,feed,pellet,13.5,21.4,16.0,3.8,,None,Good,0
SYN_0395,feed,pellet,9.6,17.1,16.9,5.2,,None,Good,0
